,EUR-EuroSTR-OIS,Compou...,FIXED,1042065402,BGCD,40),:,,,,,,,,,,
0,prec,06,/21/2,EUR-EuroSTR-OIS,Compou...,FIXED,"2.61475,",1042065404,BGCD,75,77.3M,,,,,,
1,prec,06,/21/2,FIXED.,EUR-EuroSTR-OIS,Compou.,1042065081,TSEF,TR,EUR,1,1s,av,37.8M,,,
2,prec,06,/21/2,EUR-EuroSTR-OIS,Compou...,FIXED,"3.62500,",1042062879,TPSE,aT,TR,EUR,5001T,IS,4M),16.7M,
3,prec,06,/21/2,EUR-EuroSTR-OIS,Compou...,FIXED,2.61600,1042058059,BGCD,2M,TR,EUR,20012M,OIS,SY,93.4M,
4,prec,06,/21/2,EUR-EuroSTR-OIS,Compou...,FIXED,"2.62100,",1042052721,TPSE,wv,TR,EUR,2001Y,OIS,SY,93.4M,
5,prec,06,/21/2,EUR-EuroSTR-OIS,Compou...,FIXED,2.58540,1042039072,TWSF,TR,EUR,23),1s,"10Y,",20.2,,
6,prec,06,/21/2,EUR-EuroSTR-OIS,Compou...,FIXED,"2.59350,",1042039074,TWSF,TR,EUR,6,1s,"20¥,",9.3m,,
7,prec,06,/21/2,EUR-EuroSTR-OIS,Compou...,FIXED,"2.61850,",1042039073,TWSF,TR,(EUR,2,1s,SY,98M,,
8,prec,09/18/2,EUR,EUR-EuroSTR-OIS,Compou...,FIXED,"2.40260,",1042037693,TWSF,TR,EUR,23),1s,63.30Y,,,
9,prec,09/18/2,EUR,EUR-EuroSTR-OIS,Compou...,FIXED,"2.67940,",1042037692,TWSF,TR,EUR,53,1s,552,10Y,466M,
10,prec,09/18/2,EUR,EUR-EuroSTR-OIS,Compou...,FIXED,"2.77590,",1042037691,TWSF,TR,EUR,76,oIs,"1,46715Y94.6M",,,
11,prec,09/18/2,EUR-EuroSTR-COMPOUND,FIXED,3.34380,1042035005,TWSF,TR,EUR,2,1s,6M,9.6m,,,,
12,prec,07/17/2,EUR-EuroSTR-OIS,Compou...,FIXED,3.60800,1042028536,BILT,3M,TR,EUR,"1,0001T",os,3M,|,25.1M,
13,prec,08/21/2,EUR-EuroSTR-OIS,Compou...,FIXED,3.52700,1042028535,BILT,3M,TR,EUR,"1,0001T",os,3M,249M,,
14,prec,03/31/21,EUR,EUR-EuroSTR-OIS,Compou...,FIXED,2.19176,1041949023,TWSF,TR,EUR,370,oIs,"1,1452Y",|,67.7M,
15,prec,03/31/21,EUR,EUR-EuroSTR-OIS,Compou...,FIXED,2.19176,1041949022,TWSF,TR,EUR,70,1s,2172,12.8M,,
16,prec,06,/21/2,EUR-EuroSTR-OIS,Compou...,FIXED,3.35300,1041960598,TSEF,wv,TR,EUR,2001Y,—,OIS,ay,197M
17,prec,06,/21/2,EUR-EuroSTR-OIS,Compou...,FIXED,"2.65980,",1041946987,TWSF,TR,EUR,18,1s,av,™,,
18,prec,06,/21/2,EUR-EuroSTR-OIS,Compou...,FIXED,3.09000,1041942203,TWSF,TR,EUR,1s,2,ou,,,
19,prec,06,/21/2,EUR-EuroSTR-OIS,Compou...,FIXED,"2.78920,",1041942197,TWSF,TR,EUR,47,1s,av,13.2M,,
20,prec,12/18/2,EUR-EuroSTR-OIS,Compou...,FIXED,2.36200,1041904484,BILT,wv,TR,(EUR,461Y,O1S,"30Y,",95.2M,,
21,prec,03/11/2,EUR,EUR-EuroSTR-OIS,Compou...,FIXED,"2.47213,",1041903885,BILT,wv,TR,EUR,101Y,Is,B199Y,926M,
22,prec,09/10/2,EUR-EuroSTR-OIS,Compou...,FIXED,2.56096,1041876027,BILT,wv,TR,EUR,371Y,os,SY,15.8M,,
23,prec,09/10/2,EUR-EuroSTR-OIS,Compou...,FIXED,"2.53499,",1041876030,BILT,wv,TR,EUR,201Y,os,ov,158M,,
24,prec,06,/21/2,EUR-EuroSTR-OIS,Compou...,FIXED,"2.60900,",1041856908,TPSE,wv,TR,EUR,2001Y,OIS,SY,93.4M,
25,prec,06,/21/2,EUR-EuroSTR-COMPOUND,FIXED,3.36120,1041826342,TWSF,TR,EUR,1,1s,12M,97M,,,
26,prec,06,/21/2,EUR-EuroSTR-COMPOUND,FIXED,3.65930,1041825878,TWSF,TR,EUR,xu,1s,2M),17M,,,
27,prec,09/18/2,EUR,EUR-EuroSTR-OIS,Compou...,FIXED,"2.67940,",1041821020,TWSF,TR,EUR,5,1s,"6010¥,",4.4m,,
28,prec,06,/21/2,EUR-EuroSTR-OIS,Compou...,FIXED,"3.00120,",1041819303,TWSF,TR,EUR,50,1s,2v,93M,,
29,prec,09/18/2,EUR,EUR-EuroSTR-OIS,Compou...,FIXED,"2.40260,",1041807311,TWSF,TR,EUR,22,1s,103307,46.1M,,
30,prec,09/18/2,EUR,EUR-EuroSTR-OIS,Compou...,FIXED,"2.67940,",1041807308,TWSF,TR,EUR,53,1s,61110Y,46.6M,,
31,prec,09/18/2,EUR,EUR-EuroSTR-OIS,Compou...,FIXED,2.25000,1041804034,TWSF,TR,EUR,3,1s,342¥,|,567.6,
32,prec,06,/21/2,EUR-EuroSTR-OIS,Compou...,FIXED,"3.00320,",1041786868,TWSF,TR,EUR,s1,1s,2v,95M,,
33,prec,07,/24/2,EUR,EUR-EuroSTR-OIS,Compou...,FIXED,3.62100,1041870262,BILT,‘sw,A,EUR,"1,955+1T",IS.,1202,29.9M
34,prec,07/24/2,EUR-EuroSTR-OIS,Compou...,FIXED,3.62200,1041870261,BILT,‘sw,TR,EUR,"1,955+1T",IS.,2M,29.9M,,
35,prec,06,/21/:,EUR-EuroSTR-OIS,Compou...,FIXED,2.59700,1041793244,BILT,wv,TR,EUR,281Y,os,10y,19M,
36,prec,06,/21/2,EUR-EuroSTR-OIS,Compou...,FIXED,2.53900,1041793242,BILT,wv,TR,EUR,451Y,oIS,SY,18.6M,
37,prec,12/18/2,EUR-EuroSTR-OIS,Compou...,FIXED,3.24200,1041775732,TPSE,aT,TR,EUR,7001T,—,OIS,2M,om,
38,prec,02/05/2,EUR-EuroSTR-OIS,Compou...,FIXED,3.15200,1041776430,TPSE,at,TR,EUR,"1,0001T",os,1M,9.1M,,
39,prec,02/05/2,EUR-EuroSTR-OIS,Compou...,FIXED,3.15200,1041775734,TPSE,aT,TR,EUR,'5001T,IS,IM,4.5M,,
40,prec,07/24/2,EUR-EuroSTR-OIS,Compou...,FIXED,3.65000,1041822429,TPSE,at,TR,EUR,"1,5001T",IS,2M),23M,,
41,prec,12/18/2,EUR-EuroSTR-OIS,Compou...,FIXED,3.24200,1041774925,TPSE,aT,TR,EUR,3601T,—,OIS,2M),4.6m,
42,prec,12/18/2,EUR-EuroSTR-OIS,Compou...,FIXED,3.24200,1041758154,TPSE,at,TR,EUR,"1,955+1T",1S.,2M,|,25.2M,
43,pTcc,02/05/2!,EUR-EuroSTR-OIS,Compou...,FIXED,"3.15200,",1041757636,TPSE,aT,TR,EUR,"3,0001T",OIS.,IM,|,27.3M,
